country_or_territory,zone,region,subregion,life_expectancy,fertility_rate,num_colors,primary_color,secondary_color,most_ranked_color,currency_primary,currency_secondary,languages_primary,languages_secondary,religion_primary,religion_secondary
Afghanistan,NE,Asia,Southern Asia,60,4,4,forestgreen,black,white,Afghan afghani,Afghan afghani,Turkmen,Dari,Islam,Islam
Aland Islands,NE,Europe,Northern Europe,0,0,3,teal,gold,crimson,Euro,Euro,Swedish,Swedish,Other,Other
Albania,NE,Europe,Southeast Europe,75,1,2,red,black,black,Albanian lek,Albanian lek,Albanian,Albanian,Christianity,Islam
Algeria,NE,Africa,Northern Africa,75,2,2,white,darkgreen,white,Algerian dinar,Algerian dinar,Arabic,Arabic,Sunni Islam,Christians
American Samoa,SW,Oceania,Polynesia,0,0,3,navy,white,white,United States dollar,United States dollar,English,Samoan,Christian,Christian
Andorra,NE,Europe,Southern Europe,0,1,3,darkblue,crimson,crimson,Euro,Euro,Catalan,Catalan,Christianity,Catholic Church
Angola,SE,Africa,Middle Africa,60,5,2,crimson,black,crimson,Angolan kwanza,Angolan kwanza,Portuguese,Portuguese,Christianity,Islam
Anguilla,NW,Americas,Caribbean,0,0,3,midnightblue,white,white,Eastern Caribbean dollar,Eastern Caribbean dollar,English,English,Other,Other
Antarctica,Equator or Greenwich,Antarctic,Other,0,0,2,royalblue,white,white,Other,Other,Other,Other,Other,Other
Antigua and Barbuda,NW,Americas,Caribbean,80,1,4,crimson,black,white,Eastern Caribbean dollar,Eastern Caribbean dollar,English,English,Christianity,Christian
Argentina,SW,Americas,South America,75,1,2,cornflowerblue,white,white,Argentine peso,Argentine peso,Spanish,Guarani,Christianity,Christian
Armenia,NE,Asia,Western Asia,70,1,3,orange,darkblue,red,Armenian dram,Armenian dram,Armenian,Armenian,Christianity,Armenian Apostolic Church
Aruba,NW,Americas,Caribbean,75,1,2,royalblue,gold,gold,Aruban florin,Aruban florin,Dutch,Papiamento,Other,Other
Australia,SE,Oceania,Australia and New Zealand,85,1,3,midnightblue,white,white,Australian dollar,Australian dollar,English,English,Christianity,Islam
Austria,NE,Europe,Central Europe,80,1,2,crimson,white,white,Euro,Euro,German,German,Christianity,Islam
Azerbaijan,NE,Asia,Western Asia,65,1,3,darkturquoise,forestgreen,crimson,Azerbaijani manat,Azerbaijani manat,Russian,Azerbaijani,Christianity,Islam
Bahamas,NE,Americas,Caribbean,70,1,3,teal,black,gold,United States dollar,Bahamian dollar,English,English,Christianity,Christian
Bahrain,NE,Asia,Western Asia,80,1,2,crimson,white,white,Bahraini dinar,Bahraini dinar,Arabic,Arabic,Christianity,Islam
Bangladesh,NE,Asia,Southern Asia,70,2,2,darkslategray,crimson,crimson,Bangladeshi taka,Bangladeshi taka,Bengali,Bengali,Christianity,Islam
Barbados,NW,Americas,Caribbean,75,1,2,midnightblue,gold,gold,Barbadian dollar,Barbadian dollar,English,English,Christianity,Christianity
Belarus,NE,Europe,Eastern Europe,75,1,2,firebrick,forestgreen,forestgreen,Belarusian ruble,Belarusian ruble,Russian,Belarusian,Christianity,Christian
Belgium,NE,Europe,Western Europe,80,1,3,crimson,gold,crimson,Euro,Euro,French,Dutch,Christianity,Islam
Belize,NW,Americas,Central America,70,1,3,darkblue,crimson,crimson,Belize dollar,Belize dollar,English,Spanish,Christianity,Folk religions
Benin,NE,Africa,Western Africa,60,5,3,seagreen,gold,crimson,West African CFA franc,West African CFA franc,French,French,Christianity,Islam
Bermuda,NW,Americas,North America,80,1,3,crimson,white,white,Bermudian dollar,Bermudian dollar,English,English,Other,Other
Bhutan,NE,Asia,Southern Asia,70,1,3,gold,orangered,white,Indian rupee,Bhutanese ngultrum,Dzongkha,Dzongkha,Christianity,Hinduism
Bolivia,SW,Americas,South America,65,2,3,forestgreen,gold,gold,Bolivian boliviano,Bolivian boliviano,Spanish,Guarani,Christianity,Christian
Bosnia and Herzegovina,NE,Europe,Southeast Europe,75,1,2,darkblue,gold,gold,Bosnia and Herzegovina convertible mark,Bosnia and Herzegovina convertible mark,Serbian,Croatian,Christianity,Islam
Botswana,SE,Africa,Southern Africa,65,2,3,cornflowerblue,black,white,Botswana pula,Botswana pula,English,Tswana,Christianity,Christian
Bouvet Island,NE,Antarctic,Other,0,0,3,crimson,midnightblue,white,Other,Other,Norwegian,Norwegian,Other,Other
Brazil,SW,Americas,South America,75,1,3,forestgreen,gold,gold,Brazilian real,Brazilian real,Portuguese,Portuguese,Christianity,Christian
British Indian Ocean Territory,SE,Africa,Eastern Africa,0,0,3,white,midnightblue,white,United States dollar,United States dollar,English,English,Other,Other
British Virgin Islands,NW,Americas,Caribbean,75,0,3,midnightblue,white,white,United States dollar,United States dollar,English,English,Other,Other
Brunei,NE,Asia,South-Eastern Asia,75,1,3,gold,white,white,Singapore dollar,Brunei dollar,Malay,Malay,Christianity,Buddhism
Bulgaria,NE,Europe,Southeast Europe,75,1,3,teal,white,white,Bulgarian lev,Bulgarian lev,Bulgarian,Bulgarian,Christianity,Islam
Burkina Faso,NW,Africa,Western Africa,60,4,2,seagreen,crimson,crimson,West African CFA franc,West African CFA franc,French,French,Christianity,Islam
Burundi,SE,Africa,Eastern Africa,60,5,3,white,limegreen,white,Burundian franc,Burundian franc,French,Kirundi,Christianity,Islam
Cambodia,NE,Asia,South-Eastern Asia,70,2,3,darkblue,crimson,white,United States dollar,Cambodian riel,Khmer,Khmer,Christianity,Islam
Cameroon,NE,Africa,Middle Africa,60,4,3,gold,teal,crimson,Central African CFA franc,Central African CFA franc,English,French,Christianity,Islam
Canada,NW,Americas,North America,80,1,2,red,white,white,Canadian dollar,Canadian dollar,English,French,Other,Other
Cape Verde,NE,Africa,Western Africa,75,1,3,midnightblue,white,white,Cape Verdean escudo,Cape Verdean escudo,Portuguese,Portuguese,Christianity,Christian
Caribbean Netherlands,NW,Americas,Caribbean,0,0,3,midnightblue,white,white,United States dollar,United States dollar,English,Dutch,Other,Other
Cayman Islands,NE,Americas,Caribbean,80,0,3,midnightblue,white,white,Cayman Islands dollar,Cayman Islands dollar,English,English,Christianity,Islam
Central African Republic,NE,Africa,Middle Africa,55,5,5,gold,forestgreen,white,Central African CFA franc,Central African CFA franc,French,Sango,Christianity,Islam
Chad,NE,Africa,Middle Africa,50,6,3,midnightblue,crimson,crimson,Central African CFA franc,Central African CFA franc,French,Arabic,Christianity,Islam
Chile,SW,Americas,South America,80,1,3,firebrick,white,white,Chilean peso,Chilean peso,Spanish,Spanish,Christianity,Christian
China,NE,Asia,Eastern Asia,80,1,1,orangered,orangered,orangered,Chinese yuan,Chinese yuan,Chinese,Chinese,Christianity,Islam
Christmas Island,SE,Oceania,Australia and New Zealand,0,0,3,mediumblue,seagreen,seagreen,Australian dollar,Australian dollar,English,English,Other,Other
Cocos (Keeling) Islands,NE,Oceania,Australia and New Zealand,0,0,2,green,gold,gold,Australian dollar,Australian dollar,English,English,Other,Other
Colombia,NW,Americas,South America,75,1,3,gold,midnightblue,crimson,Colombian peso,Colombian peso,Spanish,Spanish,Christianity,Christian
Comoros,SE,Africa,Eastern Africa,65,4,5,steelblue,gold,white,Comorian franc,Comorian franc,French,Arabic,Christianity,Sunni Islam
Cook Islands,SW,Oceania,Polynesia,0,0,3,midnightblue,white,white,New Zealand dollar,Cook Islands dollar,English,Cook Islands Maori,Other,Other
Costa Rica,NW,Americas,Central America,80,1,3,white,midnightblue,white,Costa Rican colon,Costa Rican colon,Spanish,Spanish,Christianity,Christian
Croatia,NE,Europe,Southeast Europe,75,1,3,red,darkblue,white,Euro,Euro,Croatian,Croatian,Christianity,Christian
Cuba,NW,Americas,Caribbean,75,1,3,darkblue,white,white,Cuban convertible peso,Cuban peso,Spanish,Spanish,Christianity,Folk religions
Curacao,NW,Americas,Caribbean,80,1,2,midnightblue,gold,gold,Netherlands Antillean guilder,Netherlands Antillean guilder,English,Dutch,Christianity,Islam
Cyprus,NE,Europe,Southern Europe,80,1,2,white,darkgoldenrod,white,Euro,Euro,Greek,Turkish,Christianity,Islam
Czechia,NE,Europe,Central Europe,80,1,3,crimson,white,white,Czech koruna,Czech koruna,Slovak,Czech,Christianity,Christian
DR Congo,Equator or Greenwich,Africa,Middle Africa,60,6,3,dodgerblue,crimson,crimson,Congolese franc,Congolese franc,French,Swahili,Christianity,Islam
Denmark,NE,Europe,Northern Europe,80,1,2,crimson,white,white,Danish krone,Danish krone,Danish,Danish,Christianity,Islam
Djibouti,NE,Africa,Eastern Africa,60,2,3,cornflowerblue,forestgreen,white,Djiboutian franc,Djiboutian franc,French,Arabic,Christianity,Islam
Dominica,NW,Americas,Caribbean,75,1,5,forestgreen,gold,white,Eastern Caribbean dollar,Eastern Caribbean dollar,English,English,Christianity,Folk religions
Dominican Republic,NW,Americas,Caribbean,70,2,3,crimson,midnightblue,white,Dominican peso,Dominican peso,Spanish,Spanish,Christianity,Christian
Ecuador,SW,Americas,South America,70,2,3,gold,crimson,crimson,United States dollar,United States dollar,Spanish,Spanish,Christianity,Christian
Egypt,NE,Africa,Northern Africa,70,2,3,black,crimson,white,Egyptian pound,Egyptian pound,Arabic,Arabic,Religion in Egypt,Religion in Egypt
El Salvador,NW,Americas,Central America,70,1,2,teal,white,white,United States dollar,United States dollar,Spanish,Spanish,Christianity,Christian
Equatorial Guinea,NE,Africa,Middle Africa,60,4,4,crimson,forestgreen,white,Central African CFA franc,Central African CFA franc,French,Spanish,Christianity,Islam
Eritrea,NE,Africa,Eastern Africa,65,3,4,crimson,forestgreen,crimson,Eritrean nakfa,Eritrean nakfa,English,Arabic,religion in Eritrea,religion in Eritrea
Estonia,NE,Europe,Northern Europe,80,1,3,white,black,white,Euro,Euro,Estonian,Estonian,Christianity,Christianity
Eswatini,SE,Africa,Southern Africa,60,2,5,steelblue,firebrick,white,South African rand,Swazi lilangeni,English,Swazi,Christianity,Christian
Ethiopia,NE,Africa,Eastern Africa,65,4,4,forestgreen,crimson,crimson,Ethiopian birr,Ethiopian birr,Amharic,Amharic,Christianity,Islam
Falkland Islands,SW,Americas,South America,0,0,3,midnightblue,white,white,Falkland Islands pound,Falkland Islands pound,English,English,Other,Other
Faroe Islands,NW,Europe,Northern Europe,85,2,3,white,crimson,white,Danish krone,Faroese krona,Danish,Faroese,Christianity,Church of the Faroe Islands
Fiji,NE,Oceania,Melanesia,65,2,4,cornflowerblue,crimson,white,Fijian dollar,Fijian dollar,English,Fijian,Christianity,Islam
Finland,NE,Europe,Northern Europe,80,1,2,white,midnightblue,white,Euro,Euro,Swedish,Finnish,Christianity,Christian
France,NE,Europe,Western Europe,80,1,3,crimson,white,white,Euro,Euro,French,French,Christianity,Islam
French Guiana,NW,Americas,South America,0,0,2,forestgreen,gold,gold,Euro,Euro,French,French,Other,Other
French Polynesia,NE,Oceania,Polynesia,80,1,2,crimson,white,white,CFP franc,CFP franc,French,French,Other,Other
French Southern and Antarctic Lands,SE,Antarctic,Other,0,0,2,darkblue,white,white,Euro,Euro,French,French,Other,Other
Gabon,SE,Africa,Middle Africa,65,3,3,gold,teal,gold,Central African CFA franc,Central African CFA franc,French,French,Christianity,Islam
Gambia,NW,Africa,Western Africa,60,4,4,darkolivegreen,crimson,white,dalasi,dalasi,English,English,Christianity,Islam
Georgia,NE,Asia,Western Asia,70,1,2,white,red,white,lari,lari,Georgian,Georgian,Other,Other
Germany,NE,Europe,Western Europe,80,1,3,red,black,gold,Euro,Euro,German,German,Other,Other
Ghana,NW,Africa,Western Africa,65,3,3,crimson,forestgreen,crimson,Ghanaian cedi,Ghanaian cedi,English,English,Christianity,Islam
Gibraltar,NW,Europe,Southern Europe,80,1,2,white,red,white,Gibraltar pound,Gibraltar pound,English,English,Other,Other
Greece,NE,Europe,Southern Europe,80,1,2,darkcyan,white,white,Euro,Euro,Greek,Greek,Islam,Christian
Greenland,NW,Americas,North America,70,2,2,crimson,white,white,krone,krone,Greenlandic,Greenlandic,Christianity,Church of Greenland
Grenada,NW,Americas,Caribbean,75,2,3,crimson,gold,crimson,Eastern Caribbean dollar,Eastern Caribbean dollar,English,English,Christianity,Christian
Guadeloupe,NW,Americas,Caribbean,0,0,3,black,darkblue,gold,Euro,Euro,French,French,Other,Other
Guam,NE,Oceania,Micronesia,75,2,2,midnightblue,crimson,crimson,United States dollar,United States dollar,English,Spanish,Christianity,Buddhism
Guatemala,NW,Americas,Central America,70,2,2,steelblue,white,white,Guatemalan quetzal,Guatemalan quetzal,Spanish,Spanish,Christianity,Christian
Guernsey,NW,Europe,Northern Europe,0,0,3,white,crimson,white,British pound,Guernsey pound,English,French,Other,Other
Guinea,NW,Africa,Western Africa,60,4,3,crimson,teal,crimson,Guinean franc,Guinean franc,French,French,Christianity,Islam
Guinea-Bissau,NW,Africa,Western Africa,60,4,3,seagreen,gold,crimson,West African CFA franc,West African CFA franc,Portuguese,Upper Guinea Creole,Christianity,Islam
Guyana,NW,Americas,South America,70,2,4,seagreen,crimson,white,Guyanese dollar,Guyanese dollar,English,English,Christianity,Islam
Haiti,NW,Americas,Caribbean,65,2,2,darkblue,crimson,crimson,Haitian gourde,Haitian gourde,French,Haitian Creole,Christianity,Folk religions
Heard Island and McDonald Islands,NE,Antarctic,Other,0,0,3,darkblue,white,white,Other,Other,English,English,Other,Other
Honduras,NW,Americas,Central America,70,2,2,dodgerblue,white,white,Honduran lempira,Honduran lempira,Spanish,Spanish,Christianity,Catholicism
Hong Kong,NE,Asia,Eastern Asia,85,0,2,orangered,white,white,Hong Kong dollar,Hong Kong dollar,English,Chinese,Other,Other
Hungary,NE,Europe,Central Europe,75,1,3,darkolivegreen,white,white,Hungarian forint,Hungarian forint,Hungarian,Hungarian,Christianity,Christian
Iceland,NW,Europe,Northern Europe,85,1,3,teal,crimson,white,Icelandic krona,Icelandic krona,Icelandic,Icelandic,Christianity,Christian
India,NE,Asia,Southern Asia,70,2,3,green,coral,white,Indian rupee,Indian rupee,English,Tamil,Christianity,Islam
Indonesia,SE,Asia,South-Eastern Asia,70,2,2,white,red,white,Indonesian rupiah,Indonesian rupiah,Indonesian,Indonesian,Christianity,Islam
Iran,NE,Asia,Southern Asia,75,1,3,white,red,white,Iranian rial,Iranian rial,Persian (Farsi),Persian (Farsi),Shia Islam,Shia Islam
Iraq,NE,Asia,Western Asia,70,3,3,black,crimson,white,Iraqi dinar,Iraqi dinar,Arabic,Aramaic,Christianity,Islam
Ireland,NW,Europe,Northern Europe,80,1,3,seagreen,coral,white,Euro,Euro,English,Irish,Other,Other
Isle of Man,NW,Europe,Northern Europe,80,1,1,crimson,crimson,crimson,British pound,Manx pound,English,Manx,Christianity,Islam
Israel,NE,Asia,Western Asia,80,2,2,white,mediumblue,white,Israeli new shekel,Israeli new shekel,Arabic,Hebrew,Christianity,Islam
Italy,NE,Europe,Southern Europe,80,1,3,seagreen,crimson,white,Euro,Euro,Italian,Italian,Christianity,Islam
Ivory Coast,NW,Africa,Western Africa,60,4,3,teal,darkorange,white,West African CFA franc,West African CFA franc,French,French,Other,Other
Jamaica,NW,Americas,Caribbean,70,1,3,gold,forestgreen,gold,Jamaican dollar,Jamaican dollar,English,Jamaican Patois,Christianity,Christian
Japan,NE,Asia,Eastern Asia,85,1,2,white,firebrick,white,Japanese yen,Japanese yen,Japanese,Japanese,Other,Other
Jersey,NW,Europe,Northern Europe,0,0,2,white,crimson,white,British pound,Jersey pound,English,French,Christian,Anglican
Jordan,NE,Asia,Western Asia,75,2,4,black,forestgreen,white,Jordanian dinar,Jordanian dinar,Arabic,Arabic,Christianity,Sunni Islam
Kazakhstan,NE,Asia,Central Asia,70,3,2,darkturquoise,gold,gold,Kazakhstani tenge,Kazakhstani tenge,Russian,Kazakh,Christianity,Islam
Kenya,NE,Africa,Eastern Africa,60,3,4,black,darkred,white,Kenyan shilling,Kenyan shilling,English,Swahili,Christianity,Islam
Kiribati,NE,Oceania,Micronesia,65,3,4,firebrick,white,white,Australian dollar,Kiribati dollar,English,Gilbertese,Christianity,Christian
Kosovo,NE,Europe,Southeast Europe,0,0,2,darkslateblue,peru,darkslateblue,Euro,Euro,Serbian,Albanian,Christianity,Islam
Kuwait,NE,Asia,Western Asia,75,2,4,forestgreen,crimson,white,Kuwaiti dinar,Kuwaiti dinar,Arabic,Arabic,Christianity,Islam
Kyrgyzstan,NE,Asia,Central Asia,70,3,2,red,yellow,red,Kyrgyzstani som,Kyrgyzstani som,Russian,Kyrgyz,Christianity,Islam
Laos,NE,Asia,South-Eastern Asia,70,2,3,crimson,midnightblue,white,Lao kip,Lao kip,Lao,Lao,Christianity,Buddhism
Latvia,NE,Europe,Northern Europe,75,1,2,brown,white,white,Euro,Euro,Latvian,Latvian,Christianity,Christian
Lebanon,NE,Asia,Western Asia,75,2,3,crimson,white,white,Lebanese pound,Lebanese pound,French,Arabic,Christianity,Islam
Lesotho,SE,Africa,Southern Africa,55,3,3,white,darkblue,white,South African rand,Lesotho loti,English,Sotho,Roman Catholic,Protestant Christianity
Liberia,NW,Africa,Western Africa,60,4,3,firebrick,white,white,Liberian dollar,Liberian dollar,English,English,Christianity,Islam
Libya,NE,Africa,Northern Africa,70,2,3,black,seagreen,black,Libyan dinar,Libyan dinar,Arabic,Arabic,Islam,Islam
Liechtenstein,NE,Europe,Western Europe,80,1,2,crimson,midnightblue,crimson,Swiss franc,Swiss franc,German,German,Christianity,Islam
Lithuania,NE,Europe,Northern Europe,75,1,3,firebrick,darkslategray,firebrick,Euro,Euro,Lithuanian,Lithuanian,Christianity,Christian
Luxembourg,NE,Europe,Western Europe,80,1,3,white,crimson,white,Euro,Euro,French,German,Christianity,Christian
Macau,NE,Asia,Eastern Asia,85,1,2,teal,white,white,Macanese pataca,Macanese pataca,Portuguese,Chinese,Other,Other
Madagascar,SE,Africa,Eastern Africa,65,3,3,white,forestgreen,white,Malagasy ariary,Malagasy ariary,French,Malagasy,Christianity,Islam
Malawi,SE,Africa,Eastern Africa,65,3,3,crimson,forestgreen,crimson,Malawian kwacha,Malawian kwacha,English,Chewa,Christianity,Islam
Malaysia,NE,Asia,South-Eastern Asia,75,1,3,white,red,white,Malaysian ringgit,Malaysian ringgit,English,Malay,Christianity,Hinduism
Maldives,NE,Asia,Southern Asia,80,1,2,crimson,forestgreen,crimson,Maldivian rufiyaa,Maldivian rufiyaa,Maldivian,Maldivian,Sunni Islam,Sunni Islam
Mali,NW,Africa,Western Africa,60,6,3,gold,limegreen,crimson,West African CFA franc,West African CFA franc,French,French,Islam,Islam
Malta,NE,Europe,Southern Europe,80,1,2,crimson,white,white,Euro,Euro,English,Maltese,Christianity,Islam
Marshall Islands,NE,Oceania,Micronesia,65,4,3,midnightblue,white,white,United States dollar,United States dollar,English,Marshallese,Christianity,Christian
Martinique,NW,Americas,Caribbean,0,0,2,darkslateblue,white,white,Euro,Euro,French,French,Christianity,Islam
Mauritania,NW,Africa,Western Africa,65,4,2,darkgreen,crimson,crimson,Mauritanian ouguiya,Mauritanian ouguiya,Arabic,Arabic,Sunni Islam,Sunni Islam
Mauritius,SE,Africa,Eastern Africa,75,1,4,midnightblue,crimson,crimson,Mauritian rupee,Mauritian rupee,English,French,Christianity,Islam
Mayotte,SE,Africa,Eastern Africa,0,0,3,white,gainsboro,white,Euro,Euro,French,French,Other,Other
Mexico,NW,Americas,North America,70,1,3,darkslategray,crimson,white,Mexican peso,Mexican peso,Spanish,Spanish,Christianity,Catholicism
Micronesia,NE,Oceania,Micronesia,70,2,1,cornflowerblue,cornflowerblue,cornflowerblue,United States dollar,United States dollar,English,English,Other,Other
Moldova,NE,Europe,Eastern Europe,70,1,3,crimson,teal,crimson,Moldovan leu,Moldovan leu,Romanian,Romanian,Christianity,Christian
Monaco,NE,Europe,Western Europe,0,0,2,crimson,white,white,Euro,Euro,French,French,Christianity,Christian
Mongolia,NE,Asia,Eastern Asia,70,2,3,crimson,darkcyan,crimson,Mongolian togrog,Mongolian togrog,Mongolian,Mongolian,Christianity,Islam
Montenegro,NE,Europe,Southeast Europe,75,1,2,firebrick,goldenrod,firebrick,Euro,Euro,Montenegrin,Montenegrin,Christianity,Islam
Montserrat,NW,Americas,Caribbean,0,0,3,midnightblue,snow,crimson,Eastern Caribbean dollar,Eastern Caribbean dollar,English,English,Other,Other
Morocco,NW,Africa,Northern Africa,75,2,1,firebrick,firebrick,firebrick,Moroccan dirham,Moroccan dirham,Arabic,Berber,Islam,Sunni
Mozambique,SE,Africa,Eastern Africa,60,4,4,gold,teal,crimson,Mozambican metical,Mozambican metical,Portuguese,Portuguese,Christianity,Islam
Myanmar,NE,Asia,South-Eastern Asia,65,2,4,gold,crimson,white,Burmese kyat,Burmese kyat,Burmese,Burmese,Christianity,Islam
Namibia,SE,Africa,Southern Africa,60,3,4,forestgreen,midnightblue,white,South African rand,Namibian dollar,English,German,Christianity,Christian
Nauru,SE,Oceania,Micronesia,0,0,2,midnightblue,gold,gold,Australian dollar,Australian dollar,English,Nauru,Other,Other
Nepal,NE,Asia,Southern Asia,70,2,3,white,crimson,white,Nepalese rupee,Nepalese rupee,Nepali,Nepali,Christianity,Islam
Netherlands,NE,Europe,Western Europe,80,1,3,darkslateblue,firebrick,white,Euro,Euro,Dutch,Dutch,Christianity,Islam
New Caledonia,SE,Oceania,Melanesia,80,2,4,forestgreen,mediumblue,gold,CFP franc,CFP franc,French,French,Other,Other
New Zealand,SE,Oceania,Australia and New Zealand,80,1,3,midnightblue,crimson,white,New Zealand dollar,New Zealand dollar,English,Maori,Christianity,Islam
Nicaragua,NW,Americas,Central America,70,2,2,darkcyan,white,white,Nicaraguan cordoba,Nicaraguan cordoba,Spanish,Spanish,Christianity,Christian
Niger,NE,Africa,Western Africa,60,6,3,orangered,forestgreen,white,West African CFA franc,West African CFA franc,French,French,Christianity,Islam
Nigeria,NE,Africa,Western Africa,50,5,2,seagreen,white,white,Nigerian naira,Nigerian naira,English,English,Other,Other
Niue,SW,Oceania,Polynesia,0,0,4,gold,white,white,New Zealand dollar,New Zealand dollar,English,Niuean,Christianity,Christianity
Norfolk Island,SE,Oceania,Australia and New Zealand,0,0,2,forestgreen,white,white,Australian dollar,Australian dollar,English,Norfuk,Christianity,Irreligion
North Korea,NE,Asia,Eastern Asia,75,1,3,crimson,teal,white,North Korean won,North Korean won,Korean,Korean,Christianity,Buddhism
North Macedonia,NE,Europe,Southeast Europe,75,1,2,crimson,gold,crimson,denar,denar,Macedonian,Macedonian,Christianity,Islam
Northern Mariana Islands,NE,Oceania,Micronesia,0,0,2,darkcyan,white,white,United States dollar,United States dollar,English,Chamorro,Christianity,Islam
Norway,NE,Europe,Northern Europe,85,1,3,crimson,midnightblue,white,Norwegian krone,Norwegian krone,Norwegian Nynorsk,Norwegian Bokmal,Christianity,Islam
Oman,NE,Asia,Western Asia,75,2,3,crimson,white,white,Omani rial,Omani rial,Arabic,Arabic,Christianity,Islam
Pakistan,NE,Asia,Southern Asia,65,3,2,darkgreen,white,white,Pakistani rupee,Pakistani rupee,English,Urdu,Christianity,Islam
Palau,NE,Oceania,Micronesia,70,2,2,dodgerblue,yellow,dodgerblue,United States dollar,United States dollar,English,Palauan,Christianity,Islam
Palestine,NE,Asia,Western Asia,75,3,4,black,forestgreen,white,Egyptian pound,Israeli new shekel,Arabic,Arabic,Other,Other
Panama,NW,Americas,Central America,75,2,3,white,midnightblue,white,United States dollar,Panamanian balboa,Spanish,Spanish,Christianity,Christian
Papua New Guinea,SE,Oceania,Melanesia,65,3,2,black,crimson,crimson,Papua New Guinean kina,Papua New Guinean kina,English,Hiri Motu,Christianity,Christian
Paraguay,SW,Americas,South America,75,2,3,firebrick,darkblue,white,Paraguayan guarani,Paraguayan guarani,Spanish,Guarani,Christianity,Christian
Peru,SW,Americas,South America,75,2,2,crimson,white,white,Peruvian sol,Peruvian sol,Spanish,Aymara,Christianity,Christian
Philippines,NE,Asia,South-Eastern Asia,70,2,3,darkblue,crimson,white,Philippine peso,Philippine peso,English,Filipino,Christianity,Islam
Pitcairn Islands,SW,Oceania,Polynesia,0,0,3,midnightblue,crimson,white,New Zealand dollar,New Zealand dollar,English,English,Other,Other
Poland,NE,Europe,Central Europe,75,1,2,crimson,white,white,Polish zoty,Polish zoty,Polish,Polish,Christianity,Christian
Portugal,NW,Europe,Southern Europe,80,1,2,red,darkgreen,red,Euro,Euro,Portuguese,Portuguese,Christianity,Christian
Puerto Rico,NW,Americas,Caribbean,80,0,3,red,white,white,United States dollar,United States dollar,English,Spanish,Other,Other
Qatar,NE,Asia,Western Asia,80,1,2,brown,white,white,Qatari riyal,Qatari riyal,Arabic,Arabic,Christianity,Islam
Republic of the Congo,SE,Africa,Middle Africa,65,4,3,crimson,forestgreen,crimson,Central African CFA franc,Central African CFA franc,French,Kikongo,Christianity,Islam
Reunion,SE,Africa,Eastern Africa,0,0,3,royalblue,red,red,Euro,Euro,French,French,Other,Other
Romania,NE,Europe,Southeast Europe,75,1,3,midnightblue,crimson,crimson,Romanian leu,Romanian leu,Romanian,Romanian,Christianity,Christian
Russia,NE,Europe,Eastern Europe,70,1,3,white,darkblue,white,Russian ruble,Russian ruble,Russian,Russian,Christianity,Islam
Rwanda,SE,Africa,Eastern Africa,65,3,3,deepskyblue,darkslategray,gold,Rwandan franc,Rwandan franc,English,French,Christianity,Islam
Saint Barthelemy,NW,Americas,Caribbean,0,0,2,white,goldenrod,white,Euro,Euro,French,French,Other,Other
Saint Helena - Ascension and Tristan da Cunha,SW,Africa,Western Africa,0,0,3,midnightblue,crimson,white,Saint Helena pound,Pound sterling,English,English,Other,Other
Saint Kitts and Nevis,NW,Americas,Caribbean,70,2,4,black,seagreen,crimson,Eastern Caribbean dollar,Eastern Caribbean dollar,English,English,Christianity,Christian
Saint Lucia,NW,Americas,Caribbean,75,1,2,lightskyblue,gold,gold,Eastern Caribbean dollar,Eastern Caribbean dollar,English,English,Christianity,Rastafari
Saint Martin,NE,Americas,Caribbean,80,2,3,crimson,white,white,Euro,Euro,French,French,Other,Other
Saint Pierre and Miquelon,NW,Americas,North America,0,0,5,lightseagreen,gold,white,Euro,Euro,French,French,Other,Other
Saint Vincent and the Grenadines,NW,Americas,Caribbean,70,1,3,gold,forestgreen,gold,Eastern Caribbean dollar,Eastern Caribbean dollar,English,English,Christianity,Islam
Samoa,SW,Oceania,Polynesia,70,3,2,crimson,midnightblue,crimson,Samoan tala,Samoan tala,English,Samoan,Christianity,Christian
San Marino,NE,Europe,Southern Europe,0,1,2,white,cornflowerblue,white,Euro,Euro,Italian,Italian,Christianity,Catholicism
Sao Tome and Principe,NE,Africa,Middle Africa,65,3,3,forestgreen,gold,crimson,Sao Tome and Principe dobra,Sao Tome and Principe dobra,Portuguese,Portuguese,Christianity,Folk religions
Saudi Arabia,NE,Asia,Western Asia,75,2,2,forestgreen,white,white,Saudi riyal,Saudi riyal,Arabic,Arabic,Christianity,Islam
Senegal,NW,Africa,Western Africa,70,4,3,forestgreen,crimson,crimson,West African CFA franc,West African CFA franc,French,French,Christianity,Islam
Serbia,NE,Europe,Southeast Europe,75,1,3,white,firebrick,white,Serbian dinar,Serbian dinar,Serbian,Serbian,Christianity,Islam
Seychelles,SE,Africa,Eastern Africa,75,2,5,crimson,midnightblue,white,Seychellois rupee,Seychellois rupee,English,French,Christianity,Islam
Sierra Leone,NW,Africa,Western Africa,60,4,3,darkcyan,limegreen,white,Sierra Leonean leone,Sierra Leonean leone,English,English,Christianity,Islam
Singapore,NE,Asia,South-Eastern Asia,85,1,2,white,crimson,white,Singapore dollar,Singapore dollar,English,Chinese,Christianity,Islam
Sint Maarten,NW,Americas,Caribbean,80,2,3,crimson,midnightblue,white,Netherlands Antillean guilder,Netherlands Antillean guilder,English,French,Christianity,Christian
Slovakia,NE,Europe,Central Europe,75,1,3,crimson,white,white,Euro,Euro,Slovak,Slovak,Christianity,Christian
Slovenia,NE,Europe,Central Europe,80,1,3,dodgerblue,red,white,Euro,Euro,Slovene,Slovene,Christianity,Christian
Solomon Islands,SE,Oceania,Melanesia,70,4,3,darkslategray,teal,gold,Solomon Islands dollar,Solomon Islands dollar,English,English,Christianity,Christian
Somalia,NE,Africa,Eastern Africa,55,6,1,royalblue,royalblue,royalblue,Somali shilling,Somali shilling,Arabic,Somali,Sunni Islam,Sunni Islam
South Africa,SE,Africa,Southern Africa,65,2,5,seagreen,crimson,white,South African rand,South African rand,English,Tswana,Christianity,Islam
South Georgia,SW,Antarctic,Other,0,0,3,midnightblue,white,white,Saint Helena pound,Saint Helena pound,English,English,Other,Other
South Korea,NE,Asia,Eastern Asia,85,0,4,white,black,white,South Korean won,South Korean won,Korean,Korean,Christianity,Buddhism
South Sudan,NE,Africa,Middle Africa,55,4,5,black,forestgreen,white,South Sudanese pound,South Sudanese pound,English,English,Christianity,Islam
Spain,NW,Europe,Southern Europe,80,1,2,firebrick,gold,gold,Euro,Euro,Spanish,Spanish,Christianity,Christianity
Sri Lanka,NE,Asia,Southern Asia,75,2,4,goldenrod,brown,darkslategray,Sri Lankan rupee,Sri Lankan rupee,Tamil,Sinhala,Christianity,Islam
Sudan,NE,Africa,Northern Africa,65,4,4,black,crimson,white,Sudanese pound,Sudanese pound,English,Arabic,Christianity,Islam
Suriname,NW,Americas,South America,70,2,3,seagreen,firebrick,white,Surinamese dollar,Surinamese dollar,Dutch,Dutch,Christianity,Islam
Svalbard and Jan Mayen,NE,Europe,Northern Europe,0,0,3,crimson,midnightblue,white,krone,krone,Norwegian,Norwegian,Other,Other
Sweden,NE,Europe,Northern Europe,80,1,2,darkcyan,gold,gold,Swedish krona,Swedish krona,Swedish,Swedish,Christianity,Islam
Switzerland,NE,Europe,Western Europe,85,1,2,red,white,white,Swiss franc,Swiss franc,French,Italian,Christianity,Islam
Syria,NE,Asia,Western Asia,70,2,3,black,crimson,white,Syrian pound,Syrian pound,Arabic,Arabic,Christianity,Islam
Taiwan,NE,Asia,Eastern Asia,0,0,2,red,darkblue,red,New Taiwan dollar,New Taiwan dollar,Chinese,Chinese,Christianity,Buddhism
Tajikistan,NE,Asia,Central Asia,65,3,3,white,red,white,Tajikistani somoni,Tajikistani somoni,Russian,Tajik,Christianity,Islam
Tanzania,SE,Africa,Eastern Africa,65,4,4,black,limegreen,gold,Tanzanian shilling,Tanzanian shilling,English,Swahili,Christianity,Islam
Thailand,NE,Asia,South-Eastern Asia,80,1,3,darkslategray,brown,darkslategray,Thai baht,Thai baht,Thai,Thai,Christianity,Islam
Timor-Leste,SE,Asia,South-Eastern Asia,70,3,3,crimson,black,crimson,United States dollar,United States dollar,Portuguese,Tetum,Christianity,Islam
Togo,NE,Africa,Western Africa,60,4,3,darkslategray,gold,crimson,West African CFA franc,West African CFA franc,French,French,Christianity,Islam
Tokelau,SW,Oceania,Polynesia,0,0,2,midnightblue,gold,gold,New Zealand dollar,New Zealand dollar,English,Samoan,Other,Other
Tonga,SW,Oceania,Polynesia,70,3,2,firebrick,white,white,Tongan paanga,Tongan paanga,English,Tongan,Christianity,Christian
Trinidad and Tobago,NE,Americas,Caribbean,75,1,3,crimson,black,white,Trinidad and Tobago dollar,Trinidad and Tobago dollar,English,English,Christianity,Islam
Tunisia,NE,Africa,Northern Africa,75,2,2,red,white,white,Tunisian dinar,Tunisian dinar,Arabic,Arabic,Sunni Islam,Christians
Turkey,NE,Asia,Western Asia,75,1,1,red,red,red,Turkish lira,Turkish lira,Turkish,Turkish,religion in Turkey,religion in Turkey
Turkmenistan,NE,Asia,Central Asia,70,2,2,forestgreen,crimson,crimson,Turkmenistan manat,Turkmenistan manat,Russian,Turkmen,Christianity,Islam
Turks and Caicos Islands,NW,Americas,Caribbean,75,1,3,midnightblue,crimson,white,United States dollar,United States dollar,English,English,Other,Other
Tuvalu,SE,Oceania,Polynesia,65,3,4,lightseagreen,crimson,white,Australian dollar,Tuvaluan dollar,English,Tuvaluan,Christianity,Christianity
Uganda,NE,Africa,Eastern Africa,60,4,3,gold,black,gold,Ugandan shilling,Ugandan shilling,English,Swahili,Christianity,Islam
Ukraine,NE,Europe,Eastern Europe,70,1,2,darkcyan,gold,gold,Ukrainian hryvnia,Ukrainian hryvnia,Ukrainian,Ukrainian,Christianity,Christianity
United Arab Emirates,NE,Asia,Western Asia,80,1,4,red,forestgreen,white,United Arab Emirates dirham,United Arab Emirates dirham,Arabic,Arabic,Sunni Islam,Sunni Islam
United Kingdom,NW,Europe,Northern Europe,80,1,3,crimson,white,white,British pound,British pound,English,English,Christianity,Islam
United States,NW,Americas,North America,75,1,3,firebrick,white,white,United States dollar,United States dollar,English,English,Christianity,Islam
United States Minor Outlying Islands,NE,Americas,North America,0,0,3,firebrick,white,white,United States dollar,United States dollar,English,English,Other,Other
United States Virgin Islands,NW,Americas,Caribbean,80,2,2,white,sandybrown,white,United States dollar,United States dollar,English,English,Christianity,Christianity
Uruguay,SW,Americas,South America,80,1,2,white,darkblue,white,Uruguayan peso,Uruguayan peso,Spanish,Spanish,Christianity,Christian
Uzbekistan,NE,Asia,Central Asia,70,2,3,white,limegreen,white,Uzbekistani som,Uzbekistani som,Russian,Uzbek,Christianity,Islam
Vanuatu,SE,Oceania,Melanesia,70,3,4,forestgreen,crimson,crimson,Vanuatu vatu,Vanuatu vatu,English,French,Christianity,Catholicism
Vatican City,NE,Europe,Southern Europe,0,0,2,gold,white,white,Euro,Euro,Italian,Latin,Roman Catholicism,State religion
Venezuela,NW,Americas,South America,70,2,3,gold,crimson,crimson,Venezuelan bolivar soberano,Venezuelan bolivar soberano,Spanish,Spanish,Christianity,Protestantism
Vietnam,NE,Asia,South-Eastern Asia,75,1,2,crimson,yellow,crimson,Vietnamese ong,Vietnamese ong,Vietnamese,Vietnamese,Christianity,Buddhism
Wallis and Futuna,SW,Oceania,Polynesia,0,0,2,crimson,white,white,CFP franc,CFP franc,French,French,Other,Other
Western Sahara,NW,Africa,Northern Africa,0,0,4,black,forestgreen,white,Algerian dinar,Moroccan dirham,Spanish,Berber,Other,Other
Yemen,NE,Asia,Western Asia,65,3,3,black,crimson,white,Yemeni rial,Yemeni rial,Arabic,Arabic,Islam,Christians
Zambia,SE,Africa,Eastern Africa,60,4,4,green,darkorange,crimson,Zambian kwacha,Zambian kwacha,English,English,Christianity,Christianity
Zimbabwe,SE,Africa,Southern Africa,60,3,5,darkgreen,gold,white,Zimbabwean dollar,Zimbabwean dollar,English,Tswana,Christianity,Christian
